repo_full_name,claude_label,human1_label,human2_label,majority_label
Lakr233/FlowDown,EXCLUDE,CONVENTIONAL_SOFTWARE,EXCLUDE,EXCLUDE
Arcanyx-org/NiXium,CONVENTIONAL_SOFTWARE,CONVENTIONAL_SOFTWARE,EXCLUDE,CONVENTIONAL_SOFTWARE
Kevandrew/sophia,AI_PRODUCT,AI_PRODUCT,AI_PRODUCT,AI_PRODUCT
JKorf/Mexc.Net,CONVENTIONAL_SOFTWARE,CONVENTIONAL_SOFTWARE,CONVENTIONAL_SOFTWARE,CONVENTIONAL_SOFTWARE
Avantis-Labs/avantis_trader_sdk,CONVENTIONAL_SOFTWARE,CONVENTIONAL_SOFTWARE,CONVENTIONAL_SOFTWARE,CONVENTIONAL_SOFTWARE
Hive-Academy/roocode-generator,EXCLUDE,EXCLUDE,EXCLUDE,EXCLUDE
AIDotNet/OpenCowork,CONVENTIONAL_SOFTWARE,AI_PRODUCT,CONVENTIONAL_SOFTWARE,CONVENTIONAL_SOFTWARE
Avarok-Cybersecurity/atlas,AI_PRODUCT,AI_PRODUCT,AI_PRODUCT,AI_PRODUCT
FalconChristmas/fpp,CONVENTIONAL_SOFTWARE,CONVENTIONAL_SOFTWARE,CONVENTIONAL_SOFTWARE,CONVENTIONAL_SOFTWARE
Frankieli123/dokploy-i18n,EXCLUDE,EXCLUDE,EXCLUDE,EXCLUDE
Comfy-Org/docs,EXCLUDE,EXCLUDE,EXCLUDE,EXCLUDE
ClaudiuBogdan/hack-for-facts-eb-client,CONVENTIONAL_SOFTWARE,CONVENTIONAL_SOFTWARE,CONVENTIONAL_SOFTWARE,CONVENTIONAL_SOFTWARE
EffortlessMetrics/perl-lsp,CONVENTIONAL_SOFTWARE,CONVENTIONAL_SOFTWARE,AI_PRODUCT,CONVENTIONAL_SOFTWARE
JuliusBrussee/caveman-code,EXCLUDE,EXCLUDE,EXCLUDE,EXCLUDE
DeadmanAbir/AgentGenesis,EXCLUDE,CONVENTIONAL_SOFTWARE,AI_PRODUCT,TIE
Godzilla675/clip-js-copilot,CONVENTIONAL_SOFTWARE,CONVENTIONAL_SOFTWARE,CONVENTIONAL_SOFTWARE,CONVENTIONAL_SOFTWARE
Bugb-Technologies/guardlink,AI_PRODUCT,AI_PRODUCT,AI_PRODUCT,AI_PRODUCT
RajjjAryan/career-copilot,CONVENTIONAL_SOFTWARE,CONVENTIONAL_SOFTWARE,CONVENTIONAL_SOFTWARE,CONVENTIONAL_SOFTWARE
FRACerqueira/PromptPlus,CONVENTIONAL_SOFTWARE,CONVENTIONAL_SOFTWARE,CONVENTIONAL_SOFTWARE,CONVENTIONAL_SOFTWARE
Nagi-ovo/gemini-voyager,CONVENTIONAL_SOFTWARE,CONVENTIONAL_SOFTWARE,CONVENTIONAL_SOFTWARE,CONVENTIONAL_SOFTWARE
FlagAI-Open/FlagAI,AI_PRODUCT,AI_PRODUCT,AI_PRODUCT,AI_PRODUCT
Menghuan1918/drawio2go,CONVENTIONAL_SOFTWARE,AI_PRODUCT,CONVENTIONAL_SOFTWARE,CONVENTIONAL_SOFTWARE
NiaExperience/PearlOS,CONVENTIONAL_SOFTWARE,CONVENTIONAL_SOFTWARE,CONVENTIONAL_SOFTWARE,CONVENTIONAL_SOFTWARE
AlbertoUAH/datos-gob-es-mcp,EXCLUDE,EXCLUDE,EXCLUDE,EXCLUDE
GongLingRui/juben,CONVENTIONAL_SOFTWARE,CONVENTIONAL_SOFTWARE,CONVENTIONAL_SOFTWARE,CONVENTIONAL_SOFTWARE
Castor6/tactus,CONVENTIONAL_SOFTWARE,AI_PRODUCT,CONVENTIONAL_SOFTWARE,CONVENTIONAL_SOFTWARE
DifferentiableUniverseInitiative/jax_cosmo,CONVENTIONAL_SOFTWARE,CONVENTIONAL_SOFTWARE,CONVENTIONAL_SOFTWARE,CONVENTIONAL_SOFTWARE
Philip-Cao-9527/code-note-helper,CONVENTIONAL_SOFTWARE,CONVENTIONAL_SOFTWARE,CONVENTIONAL_SOFTWARE,CONVENTIONAL_SOFTWARE
Ageniti/Ageniti,AI_PRODUCT,AI_PRODUCT,AI_PRODUCT,AI_PRODUCT
BlackBeltTechnology/pi-agent-dashboard,AI_PRODUCT,AI_PRODUCT,CONVENTIONAL_SOFTWARE,AI_PRODUCT
EpicStaff/EpicStaff,AI_PRODUCT,AI_PRODUCT,AI_PRODUCT,AI_PRODUCT
3MFConsortium/gladius,CONVENTIONAL_SOFTWARE,CONVENTIONAL_SOFTWARE,CONVENTIONAL_SOFTWARE,CONVENTIONAL_SOFTWARE
Puzzaks/PAIOS,CONVENTIONAL_SOFTWARE,CONVENTIONAL_SOFTWARE,CONVENTIONAL_SOFTWARE,CONVENTIONAL_SOFTWARE
Fannon/search-bookmarks-history-and-tabs,CONVENTIONAL_SOFTWARE,CONVENTIONAL_SOFTWARE,CONVENTIONAL_SOFTWARE,CONVENTIONAL_SOFTWARE
DCS-BR-Tools/briefing-room-for-dcs,CONVENTIONAL_SOFTWARE,CONVENTIONAL_SOFTWARE,CONVENTIONAL_SOFTWARE,CONVENTIONAL_SOFTWARE
AngelMunoz/Kipo,CONVENTIONAL_SOFTWARE,CONVENTIONAL_SOFTWARE,CONVENTIONAL_SOFTWARE,CONVENTIONAL_SOFTWARE
ARPAHLS/OPSIE,CONVENTIONAL_SOFTWARE,AI_PRODUCT,AI_PRODUCT,AI_PRODUCT
HiveTrace/HiveTraceRed,EXCLUDE,EXCLUDE,CONVENTIONAL_SOFTWARE,EXCLUDE
ComeOnOliver/skillshub,AI_PRODUCT,AI_PRODUCT,AI_PRODUCT,AI_PRODUCT
GoodStartLabs/AI_Diplomacy,AI_PRODUCT,AI_PRODUCT,AI_PRODUCT,AI_PRODUCT
HenryLach/taskplane,AI_PRODUCT,AI_PRODUCT,AI_PRODUCT,AI_PRODUCT
AgiFlow/aicode-toolkit,AI_PRODUCT,AI_PRODUCT,AI_PRODUCT,AI_PRODUCT
OpenSPG/KAG,AI_PRODUCT,AI_PRODUCT,AI_PRODUCT,AI_PRODUCT
OpenCSGs/csghub-server,AI_PRODUCT,CONVENTIONAL_SOFTWARE,AI_PRODUCT,AI_PRODUCT
DevopsArtFactory/unic,EXCLUDE,EXCLUDE,CONVENTIONAL_SOFTWARE,EXCLUDE
QuantumNous/new-api-docs-v1,EXCLUDE,EXCLUDE,AI_PRODUCT,EXCLUDE
Autonoma-Labs/Open-CoWork,EXCLUDE,EXCLUDE,CONVENTIONAL_SOFTWARE,EXCLUDE
1amageek/SwiftAgent,AI_PRODUCT,AI_PRODUCT,AI_PRODUCT,AI_PRODUCT
Arenukvern/mcp_flutter,AI_PRODUCT,AI_PRODUCT,AI_PRODUCT,AI_PRODUCT
LiPu-jpg/Openwrite,CONVENTIONAL_SOFTWARE,CONVENTIONAL_SOFTWARE,AI_PRODUCT,CONVENTIONAL_SOFTWARE
Naridon-Inc/aura,AI_PRODUCT,AI_PRODUCT,AI_PRODUCT,AI_PRODUCT
NVIDIA-NeMo/Gym,AI_PRODUCT,AI_PRODUCT,AI_PRODUCT,AI_PRODUCT
MaoXiaoYuZ/Long-Novel-GPT,CONVENTIONAL_SOFTWARE,CONVENTIONAL_SOFTWARE,AI_PRODUCT,CONVENTIONAL_SOFTWARE
BruinGrowly/Emergent-Code,AI_PRODUCT,AI_PRODUCT,AI_PRODUCT,AI_PRODUCT
PrefectHQ/prefect,CONVENTIONAL_SOFTWARE,CONVENTIONAL_SOFTWARE,CONVENTIONAL_SOFTWARE,CONVENTIONAL_SOFTWARE
Jamkris/everything-gemini-code,AI_PRODUCT,AI_PRODUCT,AI_PRODUCT,AI_PRODUCT
0xdpfly/gin-app-start,CONVENTIONAL_SOFTWARE,CONVENTIONAL_SOFTWARE,CONVENTIONAL_SOFTWARE,CONVENTIONAL_SOFTWARE
DataDog/stratus-red-team,CONVENTIONAL_SOFTWARE,CONVENTIONAL_SOFTWARE,AI_PRODUCT,CONVENTIONAL_SOFTWARE
Brawl345/Image-Reverse-Search-WebExtension,CONVENTIONAL_SOFTWARE,CONVENTIONAL_SOFTWARE,CONVENTIONAL_SOFTWARE,CONVENTIONAL_SOFTWARE
Peuqui/AIfred-Intelligence,CONVENTIONAL_SOFTWARE,CONVENTIONAL_SOFTWARE,AI_PRODUCT,CONVENTIONAL_SOFTWARE
Azure/azure-sdk-tools,CONVENTIONAL_SOFTWARE,CONVENTIONAL_SOFTWARE,CONVENTIONAL_SOFTWARE,CONVENTIONAL_SOFTWARE
Arindam200/awesome-ai-apps,EXCLUDE,AI_PRODUCT,AI_PRODUCT,AI_PRODUCT
MatthewSuttles/rubyn-code,AI_PRODUCT,AI_PRODUCT,AI_PRODUCT,AI_PRODUCT
BrowserOperator/browser-operator-core,CONVENTIONAL_SOFTWARE,AI_PRODUCT,AI_PRODUCT,AI_PRODUCT
Bitterbot-AI/bitterbot-desktop,CONVENTIONAL_SOFTWARE,AI_PRODUCT,AI_PRODUCT,AI_PRODUCT
NickPittas/DirectorsConsole,CONVENTIONAL_SOFTWARE,CONVENTIONAL_SOFTWARE,CONVENTIONAL_SOFTWARE,CONVENTIONAL_SOFTWARE
NVIDIA/VisRTX,CONVENTIONAL_SOFTWARE,CONVENTIONAL_SOFTWARE,CONVENTIONAL_SOFTWARE,CONVENTIONAL_SOFTWARE
JMBeresford/retrom,CONVENTIONAL_SOFTWARE,CONVENTIONAL_SOFTWARE,CONVENTIONAL_SOFTWARE,CONVENTIONAL_SOFTWARE
GuilhermeAlbert/awesome-ai-conventions,EXCLUDE,EXCLUDE,EXCLUDE,EXCLUDE
Prof-Harita/terminaI,CONVENTIONAL_SOFTWARE,AI_PRODUCT,AI_PRODUCT,AI_PRODUCT
JunDamin/hwpapi,CONVENTIONAL_SOFTWARE,CONVENTIONAL_SOFTWARE,CONVENTIONAL_SOFTWARE,CONVENTIONAL_SOFTWARE
Correia-jpv/fucking-awesome-swift,EXCLUDE,EXCLUDE,EXCLUDE,EXCLUDE
JetBrains/intellij-community,CONVENTIONAL_SOFTWARE,CONVENTIONAL_SOFTWARE,CONVENTIONAL_SOFTWARE,CONVENTIONAL_SOFTWARE
Prismer-AI/Prismer,EXCLUDE,AI_PRODUCT,AI_PRODUCT,AI_PRODUCT
HomericIntelligence/ProjectOdyssey,AI_PRODUCT,AI_PRODUCT,AI_PRODUCT,AI_PRODUCT
CallMarcus/dji-drone-metadata-embedder,CONVENTIONAL_SOFTWARE,CONVENTIONAL_SOFTWARE,CONVENTIONAL_SOFTWARE,CONVENTIONAL_SOFTWARE
PureCutCNC/purecutcnc,CONVENTIONAL_SOFTWARE,CONVENTIONAL_SOFTWARE,CONVENTIONAL_SOFTWARE,CONVENTIONAL_SOFTWARE
AISecurityConsortium/AIGoat,AI_PRODUCT,AI_PRODUCT,AI_PRODUCT,AI_PRODUCT
AzureAD/microsoft-authentication-library-common-for-objc,CONVENTIONAL_SOFTWARE,CONVENTIONAL_SOFTWARE,CONVENTIONAL_SOFTWARE,CONVENTIONAL_SOFTWARE
HorusGoul/eslint-plugin-react-render-types,CONVENTIONAL_SOFTWARE,CONVENTIONAL_SOFTWARE,CONVENTIONAL_SOFTWARE,CONVENTIONAL_SOFTWARE
2030ai/2030ai-claudecode-allecosystem-sync,AI_PRODUCT,AI_PRODUCT,AI_PRODUCT,AI_PRODUCT
Cyfrin/Updraft,EXCLUDE,EXCLUDE,CONVENTIONAL_SOFTWARE,EXCLUDE
DontFuckMyCode/dfmc,EXCLUDE,EXCLUDE,CONVENTIONAL_SOFTWARE,EXCLUDE
QuickerHub/quicker-rpc,CONVENTIONAL_SOFTWARE,AI_PRODUCT,AI_PRODUCT,AI_PRODUCT
PallasBot/Pallas-Bot,CONVENTIONAL_SOFTWARE,CONVENTIONAL_SOFTWARE,CONVENTIONAL_SOFTWARE,CONVENTIONAL_SOFTWARE
QuasarBrains/Simple-Agent,AI_PRODUCT,AI_PRODUCT,AI_PRODUCT,AI_PRODUCT
Protelis/Protelis,CONVENTIONAL_SOFTWARE,CONVENTIONAL_SOFTWARE,CONVENTIONAL_SOFTWARE,CONVENTIONAL_SOFTWARE
Raphasha27/Raphasha27,EXCLUDE,EXCLUDE,CONVENTIONAL_SOFTWARE,EXCLUDE
Oyl-Wallet/oyl-amm,EXCLUDE,EXCLUDE,CONVENTIONAL_SOFTWARE,EXCLUDE
Azure-Samples/art-voice-agent-accelerator,AI_PRODUCT,CONVENTIONAL_SOFTWARE,AI_PRODUCT,AI_PRODUCT
Myriad-Dreamin/tinymist,CONVENTIONAL_SOFTWARE,CONVENTIONAL_SOFTWARE,CONVENTIONAL_SOFTWARE,CONVENTIONAL_SOFTWARE
NewLifeX/NewLife.RocketMQ,CONVENTIONAL_SOFTWARE,CONVENTIONAL_SOFTWARE,CONVENTIONAL_SOFTWARE,CONVENTIONAL_SOFTWARE
MicrosoftDocs/fabric-docs,EXCLUDE,EXCLUDE,EXCLUDE,EXCLUDE
MinLL/MinAI,CONVENTIONAL_SOFTWARE,CONVENTIONAL_SOFTWARE,AI_PRODUCT,CONVENTIONAL_SOFTWARE
NewLifeX/NewLife.Agent,CONVENTIONAL_SOFTWARE,CONVENTIONAL_SOFTWARE,CONVENTIONAL_SOFTWARE,CONVENTIONAL_SOFTWARE
AIStoryBuilders/AIStoryBuilders,CONVENTIONAL_SOFTWARE,CONVENTIONAL_SOFTWARE,CONVENTIONAL_SOFTWARE,CONVENTIONAL_SOFTWARE
FlipForensics/AIFT,CONVENTIONAL_SOFTWARE,AI_PRODUCT,AI_PRODUCT,AI_PRODUCT
Affitor/affiliate-skills,EXCLUDE,CONVENTIONAL_SOFTWARE,EXCLUDE,EXCLUDE
PaloAltoNetworks/docusaurus-openapi-docs,CONVENTIONAL_SOFTWARE,CONVENTIONAL_SOFTWARE,CONVENTIONAL_SOFTWARE,CONVENTIONAL_SOFTWARE
DaveDushi/kolshek,CONVENTIONAL_SOFTWARE,CONVENTIONAL_SOFTWARE,CONVENTIONAL_SOFTWARE,CONVENTIONAL_SOFTWARE
JetBrains/koog,AI_PRODUCT,AI_PRODUCT,AI_PRODUCT,AI_PRODUCT
Gijsreyn/bicep-ext-databricks,EXCLUDE,CONVENTIONAL_SOFTWARE,EXCLUDE,EXCLUDE
LastBotInc/nextjs-supabase-ai-webapp,EXCLUDE,EXCLUDE,CONVENTIONAL_SOFTWARE,EXCLUDE
ReflexioAI/reflexio,AI_PRODUCT,AI_PRODUCT,AI_PRODUCT,AI_PRODUCT
Mybono/ai-orchestrator,AI_PRODUCT,AI_PRODUCT,AI_PRODUCT,AI_PRODUCT
CyberShadow/CyDo,AI_PRODUCT,AI_PRODUCT,AI_PRODUCT,AI_PRODUCT
NVIDIA/NeMo-Agent-Toolkit,AI_PRODUCT,AI_PRODUCT,AI_PRODUCT,AI_PRODUCT
GreenteaOS/Caramel,EXCLUDE,CONVENTIONAL_SOFTWARE,CONVENTIONAL_SOFTWARE,CONVENTIONAL_SOFTWARE
Gerstep/HumanCompiler,AI_PRODUCT,AI_PRODUCT,AI_PRODUCT,AI_PRODUCT
ALT-F4-LLC/dotfiles.vorpal,EXCLUDE,EXCLUDE,EXCLUDE,EXCLUDE
LessUp/awesome-cursorrules-zh,EXCLUDE,CONVENTIONAL_SOFTWARE,EXCLUDE,EXCLUDE
BuildWithHussain/hive,CONVENTIONAL_SOFTWARE,CONVENTIONAL_SOFTWARE,CONVENTIONAL_SOFTWARE,CONVENTIONAL_SOFTWARE
ROCm/hipDNN,EXCLUDE,CONVENTIONAL_SOFTWARE,CONVENTIONAL_SOFTWARE,CONVENTIONAL_SOFTWARE
AIrjen/OneButtonPrompt,AI_PRODUCT,CONVENTIONAL_SOFTWARE,CONVENTIONAL_SOFTWARE,CONVENTIONAL_SOFTWARE
Micrurus-Ai/Corvid-lang,AI_PRODUCT,AI_PRODUCT,AI_PRODUCT,AI_PRODUCT
CreminiAI/skillpack,AI_PRODUCT,AI_PRODUCT,AI_PRODUCT,AI_PRODUCT
Paperspace/cli,CONVENTIONAL_SOFTWARE,AI_PRODUCT,CONVENTIONAL_SOFTWARE,CONVENTIONAL_SOFTWARE
Agnuxo1/OpenCLAW-P2P,AI_PRODUCT,AI_PRODUCT,AI_PRODUCT,AI_PRODUCT
Alfanous-team/alfanous,CONVENTIONAL_SOFTWARE,AI_PRODUCT,AI_PRODUCT,AI_PRODUCT
Horace-Maxwell/horosa-skill,EXCLUDE,CONVENTIONAL_SOFTWARE,AI_PRODUCT,TIE
MicrosoftDocs/learn,EXCLUDE,EXCLUDE,EXCLUDE,EXCLUDE
OpenCSGs/csghub-lite,AI_PRODUCT,AI_PRODUCT,AI_PRODUCT,AI_PRODUCT
MichealWayne/fe-tools,CONVENTIONAL_SOFTWARE,CONVENTIONAL_SOFTWARE,CONVENTIONAL_SOFTWARE,CONVENTIONAL_SOFTWARE
Gremlinq/ExRam.Gremlinq,CONVENTIONAL_SOFTWARE,CONVENTIONAL_SOFTWARE,CONVENTIONAL_SOFTWARE,CONVENTIONAL_SOFTWARE
ParclLabs/parcl-ai-connect,EXCLUDE,CONVENTIONAL_SOFTWARE,CONVENTIONAL_SOFTWARE,CONVENTIONAL_SOFTWARE
Azure-Samples/Copilot-Studio-with-Azure-AI-Search,CONVENTIONAL_SOFTWARE,CONVENTIONAL_SOFTWARE,AI_PRODUCT,CONVENTIONAL_SOFTWARE
Li-Bailiang/prompt-refine-skill,EXCLUDE,AI_PRODUCT,AI_PRODUCT,AI_PRODUCT
MieMieeeee/comfyui-agent-skill,AI_PRODUCT,AI_PRODUCT,AI_PRODUCT,AI_PRODUCT
DamianB-BitFlipper/proton-drive-sync,CONVENTIONAL_SOFTWARE,CONVENTIONAL_SOFTWARE,CONVENTIONAL_SOFTWARE,CONVENTIONAL_SOFTWARE
PurpleAILAB/Decepticon,AI_PRODUCT,AI_PRODUCT,AI_PRODUCT,AI_PRODUCT
1jehuang/jcode,AI_PRODUCT,AI_PRODUCT,AI_PRODUCT,AI_PRODUCT
ModelTC/LightX2V,AI_PRODUCT,AI_PRODUCT,AI_PRODUCT,AI_PRODUCT
Martian-Engineering/volt,AI_PRODUCT,AI_PRODUCT,AI_PRODUCT,AI_PRODUCT
567-labs/instructor,AI_PRODUCT,AI_PRODUCT,AI_PRODUCT,AI_PRODUCT
OWASP/www-project-top-10-for-large-language-model-applications,EXCLUDE,AI_PRODUCT,AI_PRODUCT,AI_PRODUCT
Minh-Tam-Solution/SDLC-Enterprise-Framework,EXCLUDE,CONVENTIONAL_SOFTWARE,EXCLUDE,EXCLUDE
CSlawyer1985/case-type-guide,CONVENTIONAL_SOFTWARE,CONVENTIONAL_SOFTWARE,CONVENTIONAL_SOFTWARE,CONVENTIONAL_SOFTWARE
HeartWise-AI/DeepCORO_CLIP,EXCLUDE,AI_PRODUCT,CONVENTIONAL_SOFTWARE,TIE
JeremyDev87/codingbuddy,AI_PRODUCT,AI_PRODUCT,AI_PRODUCT,AI_PRODUCT
HelpCode-ai/anythingmcp,AI_PRODUCT,AI_PRODUCT,AI_PRODUCT,AI_PRODUCT
MadAppGang/dingo,CONVENTIONAL_SOFTWARE,CONVENTIONAL_SOFTWARE,AI_PRODUCT,CONVENTIONAL_SOFTWARE
PrestaShop/docs,EXCLUDE,EXCLUDE,CONVENTIONAL_SOFTWARE,EXCLUDE
OlaProeis/Ferrite,CONVENTIONAL_SOFTWARE,CONVENTIONAL_SOFTWARE,CONVENTIONAL_SOFTWARE,CONVENTIONAL_SOFTWARE
Cloud-Solutions-International/antikythera,CONVENTIONAL_SOFTWARE,CONVENTIONAL_SOFTWARE,CONVENTIONAL_SOFTWARE,CONVENTIONAL_SOFTWARE
BUZZARDGTA/Session-Sniffer,CONVENTIONAL_SOFTWARE,CONVENTIONAL_SOFTWARE,CONVENTIONAL_SOFTWARE,CONVENTIONAL_SOFTWARE
MarimerLLC/rockbot,CONVENTIONAL_SOFTWARE,AI_PRODUCT,AI_PRODUCT,AI_PRODUCT
CommunityToolkit/Aspire,CONVENTIONAL_SOFTWARE,CONVENTIONAL_SOFTWARE,CONVENTIONAL_SOFTWARE,CONVENTIONAL_SOFTWARE
FerroxLabs/ijfw,AI_PRODUCT,AI_PRODUCT,AI_PRODUCT,AI_PRODUCT
OSLC/oslc4net,CONVENTIONAL_SOFTWARE,CONVENTIONAL_SOFTWARE,CONVENTIONAL_SOFTWARE,CONVENTIONAL_SOFTWARE
CompanyHelm/companyhelm,EXCLUDE,EXCLUDE,CONVENTIONAL_SOFTWARE,EXCLUDE
Provenance-Emu/Provenance,CONVENTIONAL_SOFTWARE,CONVENTIONAL_SOFTWARE,CONVENTIONAL_SOFTWARE,CONVENTIONAL_SOFTWARE
BNETDocs/bnetdocs-web,EXCLUDE,EXCLUDE,CONVENTIONAL_SOFTWARE,EXCLUDE
ActiveInferenceInstitute/GEO-INFER,EXCLUDE,EXCLUDE,EXCLUDE,EXCLUDE
Alireza29675/yar-agent,AI_PRODUCT,AI_PRODUCT,AI_PRODUCT,AI_PRODUCT
FixMyBerlin/tilda-geo,CONVENTIONAL_SOFTWARE,CONVENTIONAL_SOFTWARE,CONVENTIONAL_SOFTWARE,CONVENTIONAL_SOFTWARE
Disentinel/grafema,CONVENTIONAL_SOFTWARE,CONVENTIONAL_SOFTWARE,AI_PRODUCT,CONVENTIONAL_SOFTWARE
B-M-Capital-Research/honeclaw,CONVENTIONAL_SOFTWARE,CONVENTIONAL_SOFTWARE,AI_PRODUCT,CONVENTIONAL_SOFTWARE
NewLifeX/X,CONVENTIONAL_SOFTWARE,CONVENTIONAL_SOFTWARE,CONVENTIONAL_SOFTWARE,CONVENTIONAL_SOFTWARE
HybridWare/hybrid-browser,EXCLUDE,EXCLUDE,EXCLUDE,EXCLUDE
EUCPilots/evergreen-module,CONVENTIONAL_SOFTWARE,CONVENTIONAL_SOFTWARE,CONVENTIONAL_SOFTWARE,CONVENTIONAL_SOFTWARE
FlareCoding/StelluxOS,CONVENTIONAL_SOFTWARE,CONVENTIONAL_SOFTWARE,CONVENTIONAL_SOFTWARE,CONVENTIONAL_SOFTWARE
JackHopkins/factorio-learning-environment,AI_PRODUCT,AI_PRODUCT,AI_PRODUCT,AI_PRODUCT
Certora/AIComposer,AI_PRODUCT,AI_PRODUCT,AI_PRODUCT,AI_PRODUCT
OpenHands/software-agent-sdk,AI_PRODUCT,AI_PRODUCT,AI_PRODUCT,AI_PRODUCT
Eliezer-app/eliezer,EXCLUDE,EXCLUDE,CONVENTIONAL_SOFTWARE,EXCLUDE
OpenNMS/opennms,CONVENTIONAL_SOFTWARE,CONVENTIONAL_SOFTWARE,CONVENTIONAL_SOFTWARE,CONVENTIONAL_SOFTWARE
HBAI-Ltd/Toonflow-app,CONVENTIONAL_SOFTWARE,CONVENTIONAL_SOFTWARE,CONVENTIONAL_SOFTWARE,CONVENTIONAL_SOFTWARE
NVIDIA/physicsnemo,AI_PRODUCT,AI_PRODUCT,AI_PRODUCT,AI_PRODUCT
LegnaOS/LegnaCode-cli,AI_PRODUCT,AI_PRODUCT,AI_PRODUCT,AI_PRODUCT
MicrosoftLearning/trainer-demo-deploy,EXCLUDE,CONVENTIONAL_SOFTWARE,EXCLUDE,EXCLUDE
HewlettPackard/llmesh,AI_PRODUCT,AI_PRODUCT,AI_PRODUCT,AI_PRODUCT
MicrosoftDocs/azure-ai-docs,EXCLUDE,EXCLUDE,EXCLUDE,EXCLUDE
HaiNinh1/oh-my-opencode,EXCLUDE,EXCLUDE,CONVENTIONAL_SOFTWARE,EXCLUDE
AlphaBitCore/nexus-gateway,AI_PRODUCT,AI_PRODUCT,AI_PRODUCT,AI_PRODUCT
9mtm/Agent-Player,CONVENTIONAL_SOFTWARE,CONVENTIONAL_SOFTWARE,AI_PRODUCT,CONVENTIONAL_SOFTWARE
MCPJam/inspector,AI_PRODUCT,AI_PRODUCT,AI_PRODUCT,AI_PRODUCT
NewLifeX/NewLife.Remoting,CONVENTIONAL_SOFTWARE,CONVENTIONAL_SOFTWARE,CONVENTIONAL_SOFTWARE,CONVENTIONAL_SOFTWARE
DataDog/dd-trace-js,CONVENTIONAL_SOFTWARE,CONVENTIONAL_SOFTWARE,CONVENTIONAL_SOFTWARE,CONVENTIONAL_SOFTWARE
LouisShark/chatgpt_system_prompt,EXCLUDE,EXCLUDE,EXCLUDE,EXCLUDE
PrestaShop/hummingbird,CONVENTIONAL_SOFTWARE,CONVENTIONAL_SOFTWARE,CONVENTIONAL_SOFTWARE,CONVENTIONAL_SOFTWARE
DevExpress/devextreme-documentation,EXCLUDE,EXCLUDE,EXCLUDE,EXCLUDE
PrefectHQ/fastmcp,AI_PRODUCT,AI_PRODUCT,AI_PRODUCT,AI_PRODUCT
Quant-Club/ccxt-cpp,CONVENTIONAL_SOFTWARE,CONVENTIONAL_SOFTWARE,CONVENTIONAL_SOFTWARE,CONVENTIONAL_SOFTWARE
ModelEngine-Group/nexent,AI_PRODUCT,AI_PRODUCT,AI_PRODUCT,AI_PRODUCT
PlamenTSV/plamen,AI_PRODUCT,AI_PRODUCT,AI_PRODUCT,AI_PRODUCT
GregorStocks/mage-bench,AI_PRODUCT,AI_PRODUCT,CONVENTIONAL_SOFTWARE,AI_PRODUCT
KennispuntTwente/tidyprompt,AI_PRODUCT,AI_PRODUCT,AI_PRODUCT,AI_PRODUCT
Maxsky5/openducktor,EXCLUDE,EXCLUDE,CONVENTIONAL_SOFTWARE,EXCLUDE
GitGuardian/ggmcp,AI_PRODUCT,AI_PRODUCT,AI_PRODUCT,AI_PRODUCT
Melvynx/aiblueprint,AI_PRODUCT,AI_PRODUCT,AI_PRODUCT,AI_PRODUCT
0xN0RMXL/BugBountySkills,EXCLUDE,EXCLUDE,EXCLUDE,EXCLUDE
DavidWells/stars,EXCLUDE,CONVENTIONAL_SOFTWARE,EXCLUDE,EXCLUDE
JUVOJustin/astrojs-wp-integration,CONVENTIONAL_SOFTWARE,CONVENTIONAL_SOFTWARE,CONVENTIONAL_SOFTWARE,CONVENTIONAL_SOFTWARE
JamesPaynter/mycelium,EXCLUDE,EXCLUDE,CONVENTIONAL_SOFTWARE,EXCLUDE
MedAdemBHA/docflow,EXCLUDE,EXCLUDE,EXCLUDE,EXCLUDE
DimitriGilbert/Formedible,CONVENTIONAL_SOFTWARE,CONVENTIONAL_SOFTWARE,CONVENTIONAL_SOFTWARE,CONVENTIONAL_SOFTWARE
Nakajima-Foundation/ownplate,EXCLUDE,EXCLUDE,CONVENTIONAL_SOFTWARE,EXCLUDE
OWASP/cornucopia,CONVENTIONAL_SOFTWARE,CONVENTIONAL_SOFTWARE,CONVENTIONAL_SOFTWARE,CONVENTIONAL_SOFTWARE
Owl-Listener/ai-design-skills,EXCLUDE,AI_PRODUCT,AI_PRODUCT,AI_PRODUCT
EliFuzz/awesome-system-prompts,EXCLUDE,EXCLUDE,EXCLUDE,EXCLUDE
BoweyLou/obsidian-mcp-server-enhanced,AI_PRODUCT,AI_PRODUCT,AI_PRODUCT,AI_PRODUCT
Niek/chatgpt-web,CONVENTIONAL_SOFTWARE,CONVENTIONAL_SOFTWARE,CONVENTIONAL_SOFTWARE,CONVENTIONAL_SOFTWARE
Agents2AgentsAI/ata,AI_PRODUCT,AI_PRODUCT,AI_PRODUCT,AI_PRODUCT
Case211/remnawave-admin,CONVENTIONAL_SOFTWARE,CONVENTIONAL_SOFTWARE,CONVENTIONAL_SOFTWARE,CONVENTIONAL_SOFTWARE
PulkitXChadha/awesome-databricks-mcp,EXCLUDE,EXCLUDE,EXCLUDE,EXCLUDE
CumulusNetworks/docs,EXCLUDE,EXCLUDE,EXCLUDE,EXCLUDE
NickCrew/Claude-Cortex,AI_PRODUCT,AI_PRODUCT,AI_PRODUCT,AI_PRODUCT
Nimble-Co/FoundryVTT-Nimble,EXCLUDE,EXCLUDE,CONVENTIONAL_SOFTWARE,EXCLUDE
EternisAI/enchanted-twin,CONVENTIONAL_SOFTWARE,CONVENTIONAL_SOFTWARE,CONVENTIONAL_SOFTWARE,CONVENTIONAL_SOFTWARE
Houseofmvps/codesight,AI_PRODUCT,AI_PRODUCT,AI_PRODUCT,AI_PRODUCT
Mudlet/Mudlet,CONVENTIONAL_SOFTWARE,CONVENTIONAL_SOFTWARE,CONVENTIONAL_SOFTWARE,CONVENTIONAL_SOFTWARE
ArdentAILabs/DE-Bench,AI_PRODUCT,AI_PRODUCT,AI_PRODUCT,AI_PRODUCT
PramodDutta/Advance-Playwright-Framework,CONVENTIONAL_SOFTWARE,CONVENTIONAL_SOFTWARE,CONVENTIONAL_SOFTWARE,CONVENTIONAL_SOFTWARE
Azure/oav,CONVENTIONAL_SOFTWARE,CONVENTIONAL_SOFTWARE,AI_PRODUCT,CONVENTIONAL_SOFTWARE
OvertliDS/overtli-studio-suite,AI_PRODUCT,CONVENTIONAL_SOFTWARE,AI_PRODUCT,AI_PRODUCT
CavinHuang/comfyui-nodes-docs,EXCLUDE,EXCLUDE,CONVENTIONAL_SOFTWARE,EXCLUDE
HyperbolicLabs/Hyper-dOS,CONVENTIONAL_SOFTWARE,CONVENTIONAL_SOFTWARE,CONVENTIONAL_SOFTWARE,CONVENTIONAL_SOFTWARE
BintzGavin/helios,CONVENTIONAL_SOFTWARE,CONVENTIONAL_SOFTWARE,CONVENTIONAL_SOFTWARE,CONVENTIONAL_SOFTWARE
GoogleCloudPlatform/kubernetes-engine-samples,EXCLUDE,EXCLUDE,CONVENTIONAL_SOFTWARE,EXCLUDE
AI-Escape/open-ice,EXCLUDE,EXCLUDE,CONVENTIONAL_SOFTWARE,EXCLUDE
Alexli18/binex,AI_PRODUCT,AI_PRODUCT,AI_PRODUCT,AI_PRODUCT
AgentWrapper/agent-orchestrator,AI_PRODUCT,AI_PRODUCT,AI_PRODUCT,AI_PRODUCT
HKUDS/OpenHarness,AI_PRODUCT,AI_PRODUCT,AI_PRODUCT,AI_PRODUCT
Feolius/hell2shape,CONVENTIONAL_SOFTWARE,CONVENTIONAL_SOFTWARE,CONVENTIONAL_SOFTWARE,CONVENTIONAL_SOFTWARE
GalacticDynamics/coordinax,CONVENTIONAL_SOFTWARE,CONVENTIONAL_SOFTWARE,CONVENTIONAL_SOFTWARE,CONVENTIONAL_SOFTWARE
LazyAGI/LazyMind,EXCLUDE,EXCLUDE,CONVENTIONAL_SOFTWARE,EXCLUDE
Emurasoft/emurasoft.github.io,EXCLUDE,EXCLUDE,EXCLUDE,EXCLUDE
MODSetter/SurfSense,CONVENTIONAL_SOFTWARE,CONVENTIONAL_SOFTWARE,AI_PRODUCT,CONVENTIONAL_SOFTWARE
Auriti-Labs/geo-optimizer-skill,CONVENTIONAL_SOFTWARE,AI_PRODUCT,AI_PRODUCT,AI_PRODUCT
Community-Access/accessibility-agents,AI_PRODUCT,AI_PRODUCT,AI_PRODUCT,AI_PRODUCT
NiuTrans/ToFu,CONVENTIONAL_SOFTWARE,CONVENTIONAL_SOFTWARE,AI_PRODUCT,CONVENTIONAL_SOFTWARE
HillPhelmuth/AdventuresInSemanticKernel,AI_PRODUCT,AI_PRODUCT,AI_PRODUCT,AI_PRODUCT
JetBrains/youtrackdb,CONVENTIONAL_SOFTWARE,CONVENTIONAL_SOFTWARE,CONVENTIONAL_SOFTWARE,CONVENTIONAL_SOFTWARE
Dong90/oh-my-taiyiforge,AI_PRODUCT,AI_PRODUCT,AI_PRODUCT,AI_PRODUCT
Antvirf/stui,CONVENTIONAL_SOFTWARE,CONVENTIONAL_SOFTWARE,CONVENTIONAL_SOFTWARE,CONVENTIONAL_SOFTWARE
ChenZiHong-Gavin/weekly-vibe-coding,EXCLUDE,CONVENTIONAL_SOFTWARE,EXCLUDE,EXCLUDE
NaverPayDev/pie,CONVENTIONAL_SOFTWARE,CONVENTIONAL_SOFTWARE,CONVENTIONAL_SOFTWARE,CONVENTIONAL_SOFTWARE
JohnSnowLabs/spark-nlp,AI_PRODUCT,AI_PRODUCT,AI_PRODUCT,AI_PRODUCT
ExpressLRS/Docs,EXCLUDE,EXCLUDE,EXCLUDE,EXCLUDE
Agent-Threat-Rule/agent-threat-rules,AI_PRODUCT,AI_PRODUCT,AI_PRODUCT,AI_PRODUCT
RYOITABASHI/Shelly,CONVENTIONAL_SOFTWARE,CONVENTIONAL_SOFTWARE,AI_PRODUCT,CONVENTIONAL_SOFTWARE
FavioVazquez/learnship,EXCLUDE,CONVENTIONAL_SOFTWARE,EXCLUDE,EXCLUDE
OfficeDev/microsoft-365-agents-toolkit-samples,CONVENTIONAL_SOFTWARE,EXCLUDE,CONVENTIONAL_SOFTWARE,CONVENTIONAL_SOFTWARE
1Password/SCAM,AI_PRODUCT,AI_PRODUCT,AI_PRODUCT,AI_PRODUCT
0-AI-UG/cate,CONVENTIONAL_SOFTWARE,CONVENTIONAL_SOFTWARE,AI_PRODUCT,CONVENTIONAL_SOFTWARE
PaulJPhilp/effect-notion,EXCLUDE,EXCLUDE,CONVENTIONAL_SOFTWARE,EXCLUDE
OsmosysSoftware/osmo-x,CONVENTIONAL_SOFTWARE,CONVENTIONAL_SOFTWARE,CONVENTIONAL_SOFTWARE,CONVENTIONAL_SOFTWARE
PlanExeOrg/PlanExe,CONVENTIONAL_SOFTWARE,AI_PRODUCT,AI_PRODUCT,AI_PRODUCT
CoreAgent-Project/CoreAgent,AI_PRODUCT,AI_PRODUCT,AI_PRODUCT,AI_PRODUCT
LiteyukiStudio/agent,CONVENTIONAL_SOFTWARE,AI_PRODUCT,CONVENTIONAL_SOFTWARE,CONVENTIONAL_SOFTWARE
IstiN/yoloit,EXCLUDE,EXCLUDE,CONVENTIONAL_SOFTWARE,EXCLUDE
OtterMind/youclaw,CONVENTIONAL_SOFTWARE,CONVENTIONAL_SOFTWARE,AI_PRODUCT,CONVENTIONAL_SOFTWARE
Laer-Smart/2anki.net,CONVENTIONAL_SOFTWARE,CONVENTIONAL_SOFTWARE,CONVENTIONAL_SOFTWARE,CONVENTIONAL_SOFTWARE
Kong/developer.konghq.com,EXCLUDE,EXCLUDE,CONVENTIONAL_SOFTWARE,EXCLUDE
Cppys/OpenNovel,CONVENTIONAL_SOFTWARE,CONVENTIONAL_SOFTWARE,AI_PRODUCT,CONVENTIONAL_SOFTWARE
Hacksore/cursed-repo,EXCLUDE,CONVENTIONAL_SOFTWARE,CONVENTIONAL_SOFTWARE,CONVENTIONAL_SOFTWARE
Copenhagen0x/solana-security-standard,AI_PRODUCT,AI_PRODUCT,AI_PRODUCT,AI_PRODUCT
KubeRocketCI/kuberocketai,AI_PRODUCT,AI_PRODUCT,AI_PRODUCT,AI_PRODUCT
Azure-Samples/multimodal-rag-code-execution,CONVENTIONAL_SOFTWARE,AI_PRODUCT,AI_PRODUCT,AI_PRODUCT
ArisGuimera/MobiAI-Core,EXCLUDE,EXCLUDE,CONVENTIONAL_SOFTWARE,EXCLUDE
Agoric/agoric-sdk,CONVENTIONAL_SOFTWARE,CONVENTIONAL_SOFTWARE,CONVENTIONAL_SOFTWARE,CONVENTIONAL_SOFTWARE
JetBrains-Research/lca-baselines,AI_PRODUCT,AI_PRODUCT,AI_PRODUCT,AI_PRODUCT
PaulDuvall/vibecoding,EXCLUDE,AI_PRODUCT,EXCLUDE,EXCLUDE
AgentOps-AI/agentops,AI_PRODUCT,AI_PRODUCT,AI_PRODUCT,AI_PRODUCT
NewKrok/three-particles-editor,CONVENTIONAL_SOFTWARE,CONVENTIONAL_SOFTWARE,CONVENTIONAL_SOFTWARE,CONVENTIONAL_SOFTWARE
MStanislavov/stratoseer,EXCLUDE,EXCLUDE,CONVENTIONAL_SOFTWARE,EXCLUDE
MushroomFleet/DJZ-Nodes,CONVENTIONAL_SOFTWARE,CONVENTIONAL_SOFTWARE,CONVENTIONAL_SOFTWARE,CONVENTIONAL_SOFTWARE
GraflowAI/graflow,AI_PRODUCT,AI_PRODUCT,AI_PRODUCT,AI_PRODUCT
OpenStudy-dev/OpenStudy,CONVENTIONAL_SOFTWARE,AI_PRODUCT,AI_PRODUCT,AI_PRODUCT
Factory-AI/factory,AI_PRODUCT,AI_PRODUCT,AI_PRODUCT,AI_PRODUCT
Azure/azure-sdk-for-python,CONVENTIONAL_SOFTWARE,CONVENTIONAL_SOFTWARE,CONVENTIONAL_SOFTWARE,CONVENTIONAL_SOFTWARE
ExDragine/frontier,EXCLUDE,EXCLUDE,CONVENTIONAL_SOFTWARE,EXCLUDE
EliasOenal/multimon-ng,EXCLUDE,EXCLUDE,CONVENTIONAL_SOFTWARE,EXCLUDE
26d0/vrchat-ime-chat,EXCLUDE,EXCLUDE,CONVENTIONAL_SOFTWARE,EXCLUDE
Azure/kimojio-rs,CONVENTIONAL_SOFTWARE,CONVENTIONAL_SOFTWARE,AI_PRODUCT,CONVENTIONAL_SOFTWARE
AI45Lab/Code,AI_PRODUCT,AI_PRODUCT,AI_PRODUCT,AI_PRODUCT
GoldenPotato137/PotatoVN,CONVENTIONAL_SOFTWARE,CONVENTIONAL_SOFTWARE,CONVENTIONAL_SOFTWARE,CONVENTIONAL_SOFTWARE
Anson-Trio/BaiShou-Next,EXCLUDE,CONVENTIONAL_SOFTWARE,CONVENTIONAL_SOFTWARE,CONVENTIONAL_SOFTWARE
PracticalParticle/Bloxchain-Protocol,CONVENTIONAL_SOFTWARE,CONVENTIONAL_SOFTWARE,CONVENTIONAL_SOFTWARE,CONVENTIONAL_SOFTWARE
NikiforovAll/claude-code-rules,EXCLUDE,EXCLUDE,EXCLUDE,EXCLUDE
KyaniteLabs/mcp-video,AI_PRODUCT,AI_PRODUCT,AI_PRODUCT,AI_PRODUCT
NewLifeX/NewLife.Redis,CONVENTIONAL_SOFTWARE,CONVENTIONAL_SOFTWARE,CONVENTIONAL_SOFTWARE,CONVENTIONAL_SOFTWARE
PaulJPhilp/effect-cli-tui,EXCLUDE,EXCLUDE,CONVENTIONAL_SOFTWARE,EXCLUDE
MatrixCoreX/RustClaw,EXCLUDE,AI_PRODUCT,CONVENTIONAL_SOFTWARE,TIE
Josverl/micropython-stubs,CONVENTIONAL_SOFTWARE,CONVENTIONAL_SOFTWARE,CONVENTIONAL_SOFTWARE,CONVENTIONAL_SOFTWARE
Kohaku-Lab/KohakuTerrarium,AI_PRODUCT,AI_PRODUCT,AI_PRODUCT,AI_PRODUCT
PolyArch/humanize,AI_PRODUCT,AI_PRODUCT,AI_PRODUCT,AI_PRODUCT
MiguelTVMS/e-redes-smart-metering-plus-hass,CONVENTIONAL_SOFTWARE,CONVENTIONAL_SOFTWARE,CONVENTIONAL_SOFTWARE,CONVENTIONAL_SOFTWARE
QuoteVote/quotevote-next,CONVENTIONAL_SOFTWARE,CONVENTIONAL_SOFTWARE,CONVENTIONAL_SOFTWARE,CONVENTIONAL_SOFTWARE
PostHog/DeskHog,CONVENTIONAL_SOFTWARE,CONVENTIONAL_SOFTWARE,CONVENTIONAL_SOFTWARE,CONVENTIONAL_SOFTWARE
NVIDIA/skills,EXCLUDE,AI_PRODUCT,AI_PRODUCT,AI_PRODUCT
JetBrains-Research/verified-cogen,AI_PRODUCT,AI_PRODUCT,AI_PRODUCT,AI_PRODUCT
GoogleCloudPlatform/vertex-ai-creative-studio,CONVENTIONAL_SOFTWARE,CONVENTIONAL_SOFTWARE,AI_PRODUCT,CONVENTIONAL_SOFTWARE
Archeb/CyberGroupmate,AI_PRODUCT,AI_PRODUCT,AI_PRODUCT,AI_PRODUCT
LaLanMo/muxagent,AI_PRODUCT,AI_PRODUCT,AI_PRODUCT,AI_PRODUCT
InsightSoftwareConsortium/ITK,CONVENTIONAL_SOFTWARE,CONVENTIONAL_SOFTWARE,CONVENTIONAL_SOFTWARE,CONVENTIONAL_SOFTWARE
MuhammadUsmanGM/claude-code-best-practices,EXCLUDE,EXCLUDE,EXCLUDE,EXCLUDE
CrispStrobe/CrispEmbed,AI_PRODUCT,AI_PRODUCT,CONVENTIONAL_SOFTWARE,AI_PRODUCT
Automattic/newspack-workspace,EXCLUDE,CONVENTIONAL_SOFTWARE,CONVENTIONAL_SOFTWARE,CONVENTIONAL_SOFTWARE
0niel/university-app,CONVENTIONAL_SOFTWARE,CONVENTIONAL_SOFTWARE,CONVENTIONAL_SOFTWARE,CONVENTIONAL_SOFTWARE
